CREATE TABLE departments (
    dept_id INTEGER PRIMARY KEY,
    dept_name TEXT NOT NULL,
    location TEXT,
    budget REAL
);

INSERT INTO departments (dept_id, dept_name, location, budget) VALUES
(1, '技术部', '北京', 500000),
(2, '市场部', '上海', 300000),
(3, '财务部', '北京', 200000),
(4, '人事部', '广州', 150000),
(5, '运营部', '深圳', 250000);

CREATE TABLE employees (
    emp_id INTEGER PRIMARY KEY,
    emp_name TEXT NOT NULL,
    age INTEGER,
    gender TEXT,
    dept_id INTEGER,
    hire_date TEXT,
    salary REAL
);

INSERT INTO employees (emp_id, emp_name, age, gender, dept_id, hire_date, salary) VALUES
(1, '张伟', 28, '男', 1, '2021-03-15', 15000),
(2, '李娜', 32, '女', 2, '2019-07-20', 12000),
(3, '王强', 25, '男', 1, '2022-01-10', 13000),
(4, '赵敏', 35, '女', 3, '2018-05-08', 14000),
(5, '刘洋', 29, '男', 1, '2020-11-25', 16000),
(6, '陈静', 27, '女', 2, '2022-06-18', 11000),
(7, '周磊', 31, '男', 1, '2019-09-12', 17000),
(8, '吴芳', 24, '女', 3, '2023-02-28', 10000),
(9, '孙浩', 33, '男', 2, '2018-12-05', 13500),
(10, '黄丽', 26, '女', 1, '2022-08-14', 12500),
(11, '林峰', 30, '男', 3, '2020-04-22', 14500),
(12, '徐婷', 28, '女', 2, '2021-10-30', 11500),
(13, '马超', 34, '男', 1, '2017-08-18', 18000),
(14, '朱颖', 23, '女', 3, '2023-07-01', 9500),
(15, '胡明', 29, '男', 2, '2021-01-15', 12800),
(16, '郑欣', 26, '女', 4, '2022-03-10', 9000),
(17, '何雪', 31, '女', 4, '2020-06-15', 10500),
(18, '罗杰', 27, '男', 5, '2021-09-20', 11000),
(19, '谢芳', 33, '女', 5, '2018-11-05', 13000),
(20, '韩磊', 25, '男', 5, '2023-01-18', 9800);

CREATE TABLE salaries (
    salary_id INTEGER PRIMARY KEY,
    emp_id INTEGER,
    base_salary REAL,
    bonus REAL,
    deduct REAL,
    pay_date TEXT
);

INSERT INTO salaries (salary_id, emp_id, base_salary, bonus, deduct, pay_date) VALUES
(1, 1, 15000, 3000, 500, '2024-01-15'),
(2, 2, 12000, 2000, 300, '2024-01-15'),
(3, 3, 13000, 2500, 400, '2024-01-15'),
(4, 4, 14000, 2800, 350, '2024-01-15'),
(5, 5, 16000, 3500, 600, '2024-01-15'),
(6, 6, 11000, 1500, 200, '2024-01-15'),
(7, 7, 17000, 4000, 700, '2024-01-15'),
(8, 8, 10000, 1000, 150, '2024-01-15'),
(9, 9, 13500, 2200, 350, '2024-01-15'),
(10, 10, 12500, 1800, 300, '2024-01-15'),
(11, 11, 14500, 2600, 400, '2024-01-15'),
(12, 12, 11500, 1600, 250, '2024-01-15'),
(13, 13, 18000, 5000, 800, '2024-01-15'),
(14, 14, 9500, 800, 100, '2024-01-15'),
(15, 15, 12800, 2000, 320, '2024-01-15'),
(16, 16, 9000, 1200, 180, '2024-01-15'),
(17, 17, 10500, 1400, 220, '2024-01-15'),
(18, 18, 11000, 1500, 200, '2024-01-15'),
(19, 19, 13000, 2200, 350, '2024-01-15'),
(20, 20, 9800, 1000, 150, '2024-01-15');
