CREATE TABLE users (
    user_id INTEGER PRIMARY KEY,
    username TEXT NOT NULL,
    gender TEXT,
    age INTEGER,
    city TEXT,
    register_date TEXT
);

INSERT INTO users (user_id, username, gender, age, city, register_date) VALUES
(1, 'user_001', '男', 25, '北京', '2023-01-15'),
(2, 'user_002', '女', 30, '上海', '2023-02-20'),
(3, 'user_003', '男', 28, '广州', '2023-03-10'),
(4, 'user_004', '女', 35, '深圳', '2023-01-25'),
(5, 'user_005', '男', 22, '杭州', '2023-04-05'),
(6, 'user_006', '女', 27, '成都', '2023-05-12'),
(7, 'user_007', '男', 32, '武汉', '2023-02-18'),
(8, 'user_008', '女', 29, '南京', '2023-06-30'),
(9, 'user_009', '男', 24, '重庆', '2023-07-22'),
(10, 'user_010', '女', 31, '西安', '2023-03-08'),
(11, 'user_011', '男', 26, '长沙', '2023-08-14'),
(12, 'user_012', '女', 33, '苏州', '2023-04-20'),
(13, 'user_013', '男', 23, '天津', '2023-09-01'),
(14, 'user_014', '女', 28, '郑州', '2023-05-15'),
(15, 'user_015', '男', 36, '青岛', '2023-10-10');

CREATE TABLE categories (
    cat_id INTEGER PRIMARY KEY,
    cat_name TEXT NOT NULL,
    parent_id INTEGER
);

INSERT INTO categories (cat_id, cat_name, parent_id) VALUES
(1, '电子产品', NULL),
(2, '手机', 1),
(3, '电脑', 1),
(4, '配件', 1),
(5, '服装', NULL),
(6, '男装', 5),
(7, '女装', 5),
(8, '家居', NULL),
(9, '厨具', 8),
(10, '家纺', 8);

CREATE TABLE products (
    product_id INTEGER PRIMARY KEY,
    product_name TEXT NOT NULL,
    cat_id INTEGER,
    price REAL,
    stock INTEGER
);

INSERT INTO products (product_id, product_name, cat_id, price, stock) VALUES
(1, 'iPhone 15', 2, 5999, 200),
(2, '华为Mate60', 2, 4999, 150),
(3, '小米14', 2, 3499, 300),
(4, 'MacBook Pro', 3, 12999, 50),
(5, '联想小新', 3, 4999, 80),
(6, '机械键盘', 4, 399, 500),
(7, '蓝牙耳机', 4, 199, 800),
(8, '男士夹克', 6, 399, 120),
(9, '女士连衣裙', 7, 299, 200),
(10, '不粘锅套装', 9, 259, 150),
(11, '四件套', 10, 199, 180),
(12, 'iPad Air', 3, 4799, 100),
(13, '运动鞋', 6, 349, 250),
(14, '真丝围巾', 7, 599, 80),
(15, '电饭煲', 9, 349, 200);

CREATE TABLE orders (
    order_id INTEGER PRIMARY KEY,
    user_id INTEGER,
    product_id INTEGER,
    quantity INTEGER,
    total_price REAL,
    order_date TEXT,
    status TEXT
);

INSERT INTO orders (order_id, user_id, product_id, quantity, total_price, order_date, status) VALUES
(1, 1, 1, 1, 5999, '2024-01-05', '已完成'),
(2, 2, 9, 2, 598, '2024-01-08', '已完成'),
(3, 3, 4, 1, 12999, '2024-01-12', '已完成'),
(4, 4, 10, 1, 259, '2024-01-15', '已完成'),
(5, 5, 7, 3, 597, '2024-01-20', '已完成'),
(6, 1, 6, 1, 399, '2024-01-25', '已完成'),
(7, 6, 2, 1, 4999, '2024-02-02', '已完成'),
(8, 7, 11, 2, 398, '2024-02-06', '已完成'),
(9, 8, 8, 1, 399, '2024-02-10', '已完成'),
(10, 2, 3, 1, 3499, '2024-02-14', '已完成'),
(11, 9, 12, 1, 4799, '2024-02-18', '已完成'),
(12, 10, 14, 2, 1198, '2024-02-22', '已完成'),
(13, 3, 5, 1, 4999, '2024-02-28', '已完成'),
(14, 11, 7, 2, 398, '2024-03-05', '已完成'),
(15, 4, 15, 1, 349, '2024-03-10', '已完成'),
(16, 12, 1, 1, 5999, '2024-03-15', '已完成'),
(17, 5, 13, 2, 698, '2024-03-20', '已完成'),
(18, 13, 4, 1, 12999, '2024-03-25', '已取消'),
(19, 6, 9, 1, 299, '2024-03-30', '已完成'),
(20, 14, 6, 2, 798, '2024-04-05', '已完成'),
(21, 7, 2, 1, 4999, '2024-04-10', '已完成'),
(22, 15, 10, 3, 777, '2024-04-15', '已完成'),
(23, 8, 3, 1, 3499, '2024-04-20', '已取消'),
(24, 1, 11, 1, 199, '2024-04-25', '已完成'),
(25, 9, 8, 2, 798, '2024-04-30', '已完成'),
(26, 2, 12, 1, 4799, '2024-05-05', '已完成'),
(27, 10, 7, 3, 597, '2024-05-10', '已完成'),
(28, 11, 5, 1, 4999, '2024-05-15', '已取消'),
(29, 3, 14, 1, 599, '2024-05-20', '已完成'),
(30, 12, 15, 2, 698, '2024-05-25', '已完成'),
(31, 4, 1, 1, 5999, '2024-05-30', '已完成'),
(32, 13, 9, 1, 299, '2024-06-05', '已完成'),
(33, 5, 4, 1, 12999, '2024-06-10', '已完成'),
(34, 14, 13, 1, 349, '2024-06-15', '已完成'),
(35, 6, 6, 2, 798, '2024-06-20', '已完成'),
(36, 15, 3, 1, 3499, '2024-06-25', '已完成'),
(37, 7, 11, 1, 199, '2024-06-30', '已完成'),
(38, 8, 2, 1, 4999, '2024-07-05', '已取消'),
(39, 1, 10, 2, 518, '2024-07-10', '已完成'),
(40, 9, 12, 1, 4799, '2024-07-15', '已完成');
